{
    "config.awakened.cat": "PLAY WITH ME >_<\n\n(This will enable the beta version which is still in development. Feedback is welcome! Reload the window after changing this option!)",
    "config.color.mode": "Color mode.",
    "config.color.mode.Grammar": "Grammar color.",
    "config.color.mode.Semantic": "Semantic color. You may need to set `editor.semanticHighlighting.enabled` to `true` to take effect.",
    "config.completion.callSnippet": "Shows function call snippets.",
    "config.completion.callSnippet.Both": "Shows `function name` and `call snippet`.",
    "config.completion.callSnippet.Disable": "Only shows `function name`.",
    "config.completion.callSnippet.Replace": "Only shows `call snippet.`",
    "config.completion.displayContext": "Previewing the relevant code snippet of the suggestion may help you understand the usage of the suggestion. The number set indicates the number of intercepted lines in the code fragment. If it is set to `0`, this feature can be disabled.",
    "config.completion.enable": "Enable completion.",
    "config.completion.keywordSnippet": "Shows keyword syntax snippets.",
    "config.completion.keywordSnippet.Both": "Shows `keyword` and `syntax snippet`.",
    "config.completion.keywordSnippet.Disable": "Only shows `keyword`.",
    "config.completion.keywordSnippet.Replace": "Only shows `syntax snippet`.",
    "config.completion.workspaceWord": "Shows words within the workspace.",
    "config.develop.debuggerPort": "Listen port of debugger.",
    "config.develop.debuggerWait": "Suspend before debugger connects.",
    "config.develop.enable": "Developer mode. Do not enable, performance will be affected.",
    "config.diagnostics.disable": "Disabled diagnostic (Use code in hover brackets).\n",
    "config.diagnostics.enable": "Enable diagnostics.",
    "config.diagnostics.globals": "Defined global variables.\n",
    "config.diagnostics.neededFileStatus": "If you want to check only opened files, choice Opened; else choice Any.\n",
    "config.diagnostics.severity": "Modified diagnostic severity.\n",
    "config.diagnostics.workspaceDelay": "Latency (milliseconds) for workspace diagnostics. When you start the workspace, or edit any file, the entire workspace will be re-diagnosed in the background. Set to negative to disable workspace diagnostics.",
    "config.diagnostics.workspaceRate": "Workspace diagnostics run rate (%). Decreasing this value reduces CPU usage, but also reduces the speed of workspace diagnostics. The diagnosis of the file you are currently editing is always done at full speed and is not affected by this setting.",
    "config.hint.enable": "Enabel hint.",
    "config.hint.paramName": "Hint parameter name when the parameter called is literal.",
    "config.hint.paramType": "Show type hints at the parameter of the function.",
    "config.hint.setType": "Hint type at assignment operation.",
    "config.hover.enable": "Enable hover.",
    "config.hover.fieldInfer": "When hovering to view a table, type infer will be performed for each field. When the accumulated time of type infer reaches the set value (MS), the type infer of subsequent fields will be skipped.",
    "config.hover.previewFields": "When hovering to view a table, limits the maximum number of previews for fields.",
    "config.hover.viewNumber": "Hover to view numeric content (only if literal is not decimal).",
    "config.hover.viewString": "Hover to view the contents of a string (only if the literal contains an escape character).",
    "config.hover.viewStringMax": "The maximum length of a hover to view the contents of a string.",
    "config.intelliSense.fastGlobal": "In the global variable completion, and view `_G` suspension prompt. This will slightly reduce the accuracy of type speculation, but it will have a significant performance improvement for projects that use a lot of global variables.",
    "config.intelliSense.searchDepth": "Set the search depth for IntelliSense. Increasing this value increases accuracy, but decreases performance. Different workspace have different tolerance for this setting. Please adjust it to the appropriate value.",
    "config.runtime.fileEncoding": "File encoding. The `ansi` option is only available under the `Windows` platform.",
    "config.runtime.nonstandardSymbol": "Supports non-standard symbols. Make sure that your runtime environment supports these symbols.",
    "config.runtime.path": "`package.path`",
    "config.runtime.plugin": "(Proposed) Plugin path.",
    "config.runtime.special": "The custom global variables are regarded as some special built-in variables, and the language server will provide special support\nThe following example shows that 'include' is treated as' require '.\n```json\n\"Lua.runtime.special\" : {\n    \"include\" : \"require\"\n}\n```\n",
    "config.runtime.unicodeName": "Allows Unicode characters in name.",
    "config.runtime.version": "Lua runtime version.",
    "config.signatureHelp.enable": "Enable signature help.",
    "config.telemetry.enable": "Enable telemetry to send your editor information and error logs over the network\n* [What data will be sent](https://github.com/sumneko/lua-language-server/blob/master/script/service/telemetry.lua)\n* [How to use this data](https://github.com/sumneko/lua-telemetry-server/tree/master/method)\n",
    "config.window.progressBar": "Show progress bar in status bar.",
    "config.window.statusBar": "Show extension status in status bar.",
    "config.workspace.ignoreDir": "Ignored files and directories (Use `.gitignore` grammar).\n",
    "config.workspace.ignoreSubmodules": "Ignore submodules.",
    "config.workspace.library": "Load external library.\nThis feature can load external Lua files, which can be used for definition, automatic completion and other functions. Note that the language server does not monitor changes in external files and needs to restart if the external files are modified.\n",
    "config.workspace.maxPreload": "Max preloaded files.",
    "config.workspace.preloadFileSize": "Skip files larger than this value (KB) when preloading.",
    "config.workspace.useGitIgnore": "Ignore files list in `.gitignore` .",
    "config.zzzzzz.cat": "DONT TOUCH ME, LET ME SLEEP >_<"
}